id;address_id;street_address;postal_code;city;state_province
1;53222;cross-platform;networks;O'Keefemouth;Ouguiya
2;3559;magnetic;Soft Colombia;Hahnport;International generating
3;13929;Forward connecting cross-platform;harness Secured tangible;Creminberg;Representative Rustic stable
4;61;Savings leading-edge SCSI;Diverse;Pricehaven;Sports wireless auxiliary
5;94322;Mali Checking Pizza;open-source e-services;Madison;Exclusive cutting-edge
6;61096;Designer Austria;Generic;Carson;Tactics infomediaries Guadeloupe
7;8913;alarm Bedfordshire Technician;pixel auxiliary Korea;Gardena;online
8;12962;auxiliary connect Toys;interface teal full-range;Reichelton;blue drive copying
9;17005;withdrawal payment;IB;South Kenton;Highway
10;52844;generation Division;viral Haven;Zechariahshire;turn-key Plastic
